,0
0,crypto_imports_total_sqrt_count
1,crypto_imports_unique_sqrt_count
2,crypto_imports_total_unique_sqrt_ratio
3,crypto_imports=java.security.digestinputstream
4,crypto_imports=java.security.key
5,crypto_imports=java.security.keyfactory
6,crypto_imports=java.security.messagedigest
7,crypto_imports=java.security.privatekey
8,crypto_imports=java.security.publickey
9,crypto_imports=java.security.securerandom
10,crypto_imports=java.security.signature
11,crypto_imports=java.security.spec.pkcs8encodedkeyspec
12,crypto_imports=java.security.spec.x509encodedkeyspec
13,crypto_imports=javax.crypto.cipher
14,crypto_imports=javax.crypto.cipherinputstream
15,crypto_imports=javax.crypto.keygenerator
16,crypto_imports=javax.crypto.mac
17,crypto_imports=javax.crypto.secretkey
18,crypto_imports=javax.crypto.secretkeyfactory
19,crypto_imports=javax.crypto.spec.deskeyspec
20,crypto_imports=javax.crypto.spec.ivparameterspec
21,crypto_imports=javax.crypto.spec.pbekeyspec
22,crypto_imports=javax.crypto.spec.secretkeyspec
23,file_sqrt_count
24,min_sqrt_api_calls_per_file
25,max_sqrt_api_calls_per_file
26,mean_sqrt_api_calls_per_file
27,api_calls_sqrt_count
28,unique_api_calls_sqrt_count
29,api_file_calls_sqrt_ratio
30,max_line_overlap
31,line_overlap_sqrt_count
32,hashing_sqrt_count
33,weak_to_overall_hash_ratio
34,crypto_api_records=Cipher.getInstance(
35,crypto_api_records=Cipher.getInstance( Cipher.getInstance(
36,crypto_api_records=Cipher.getInstance( IvParameterSpec(
37,crypto_api_records=Cipher.getInstance( IvParameterSpec( Cipher.getInstance(
38,crypto_api_records=Cipher.getInstance( IvParameterSpec( Cipher.getInstance( IvParameterSpec(
39,"crypto_api_records=Cipher.getInstance( KeyFactory.getInstance(""RSA"
40,crypto_api_records=Cipher.getInstance( SecretKeySpec(
41,crypto_api_records=Cipher.getInstance( SecureRandom(
42,crypto_api_records=Cipher.getInstance( SecureRandom( generateSecret(
43,crypto_api_records=Cipher.getInstance( SecureRandom( generateSecret( SecretKeyFactory.getInstance(
44,crypto_api_records=Cipher.getInstance( SecureRandom( generateSecret( SecretKeyFactory.getInstance( Cipher.getInstance(
45,"crypto_api_records=Cipher.getInstance(""AES"
46,"crypto_api_records=Cipher.getInstance(""AES/CBC/PKCS5Padding"
47,"crypto_api_records=Cipher.getInstance(""DES"
48,"crypto_api_records=Cipher.getInstance(""DES SecretKeySpec("
49,"crypto_api_records=Cipher.getInstance(""DES SecretKeySpec( Cipher.getInstance(""DES"
50,"crypto_api_records=Cipher.getInstance(""DES/CBC/PKCS5Padding"
51,"crypto_api_records=Cipher.getInstance(""DES/CBC/PKCS5Padding IvParameterSpec("
52,"crypto_api_records=Cipher.getInstance(""DES/CBC/PKCS5Padding IvParameterSpec( SecretKeySpec("
53,"crypto_api_records=Cipher.getInstance(""DES/CBC/PKCS5Padding IvParameterSpec( SecretKeySpec( Cipher.getInstance(""DES/CBC/PKCS5Padding"
54,crypto_api_records=IvParameterSpec(
55,crypto_api_records=IvParameterSpec( Cipher.getInstance(
56,crypto_api_records=IvParameterSpec( Cipher.getInstance( IvParameterSpec(
57,crypto_api_records=IvParameterSpec( SecretKeySpec(
58,"crypto_api_records=IvParameterSpec( SecretKeySpec( Cipher.getInstance(""DES/CBC/PKCS5Padding"
59,"crypto_api_records=IvParameterSpec( SecretKeySpec( Cipher.getInstance(""DES/CBC/PKCS5Padding IvParameterSpec("
60,"crypto_api_records=IvParameterSpec( SecretKeySpec( Cipher.getInstance(""DES/CBC/PKCS5Padding IvParameterSpec( SecretKeySpec("
61,crypto_api_records=KeyFactory.getInstance(
62,crypto_api_records=KeyFactory.getInstance( Signature.getInstance(
63,"crypto_api_records=KeyFactory.getInstance(""RSA"
64,crypto_api_records=KeyGenerator.getInstance(
65,crypto_api_records=KeyGenerator.getInstance( generateKey(
66,crypto_api_records=KeyGenerator.getInstance( generateKey( SecretKeySpec(
67,crypto_api_records=MessageDigest.getInstance(
68,crypto_api_records=MessageDigest.getInstance( MessageDigest.getInstance(
69,crypto_api_records=MessageDigest.getInstance( MessageDigest.getInstance( MessageDigest.getInstance(
70,crypto_api_records=MessageDigest.getInstance( MessageDigest.getInstance( MessageDigest.getInstance( MessageDigest.getInstance(
71,"crypto_api_records=MessageDigest.getInstance(""MD5"
72,"crypto_api_records=MessageDigest.getInstance(""MD5 MessageDigest.getInstance(""MD5"
73,"crypto_api_records=MessageDigest.getInstance(""MD5 MessageDigest.getInstance(""MD5 MessageDigest.getInstance(""MD5"
74,"crypto_api_records=MessageDigest.getInstance(""MD5 MessageDigest.getInstance(""SHA-1"
75,"crypto_api_records=MessageDigest.getInstance(""MD5 MessageDigest.getInstance(""SHA-1 MessageDigest.getInstance(""MD5"
76,"crypto_api_records=MessageDigest.getInstance(""MD5 MessageDigest.getInstance(""SHA-1 MessageDigest.getInstance(""MD5 MessageDigest.getInstance(""SHA-1"
77,"crypto_api_records=MessageDigest.getInstance(""SHA-1"
78,"crypto_api_records=MessageDigest.getInstance(""SHA-1 MessageDigest.getInstance(""MD5"
79,"crypto_api_records=MessageDigest.getInstance(""SHA-1 MessageDigest.getInstance(""MD5 MessageDigest.getInstance(""SHA-1"
80,"crypto_api_records=MessageDigest.getInstance(""SHA-256"
81,"crypto_api_records=MessageDigest.getInstance(""SHA-256 MessageDigest.getInstance(""SHA-256"
82,crypto_api_records=PBEKeySpec(
83,crypto_api_records=PBEKeySpec( SecretKeySpec(
84,crypto_api_records=PBEKeySpec( SecretKeySpec( generateSecret(
85,crypto_api_records=PBEKeySpec( SecretKeySpec( generateSecret( SecretKeyFactory.getInstance(
86,crypto_api_records=PBEKeySpec( SecretKeySpec( generateSecret( SecretKeyFactory.getInstance( Cipher.getInstance(
87,crypto_api_records=PBEParameterSpec(
88,crypto_api_records=PKCS8EncodedKeySpec
89,crypto_api_records=SecretKeyFactory.getInstance(
90,crypto_api_records=SecretKeyFactory.getInstance( Cipher.getInstance(
91,crypto_api_records=SecretKeyFactory.getInstance( Cipher.getInstance( IvParameterSpec(
92,crypto_api_records=SecretKeyFactory.getInstance( Cipher.getInstance( IvParameterSpec( Cipher.getInstance(
93,crypto_api_records=SecretKeyFactory.getInstance( Cipher.getInstance( IvParameterSpec( Cipher.getInstance( IvParameterSpec(
94,"crypto_api_records=SecretKeyFactory.getInstance(""DES"
95,crypto_api_records=SecretKeySpec(
96,crypto_api_records=SecretKeySpec( Cipher.getInstance(
97,"crypto_api_records=SecretKeySpec( Cipher.getInstance(""AES"
98,"crypto_api_records=SecretKeySpec( Cipher.getInstance(""DES"
99,"crypto_api_records=SecretKeySpec( Cipher.getInstance(""DES SecretKeySpec("
100,"crypto_api_records=SecretKeySpec( Cipher.getInstance(""DES SecretKeySpec( Cipher.getInstance(""DES"
101,"crypto_api_records=SecretKeySpec( Cipher.getInstance(""DES/CBC/PKCS5Padding"
102,"crypto_api_records=SecretKeySpec( Cipher.getInstance(""DES/CBC/PKCS5Padding IvParameterSpec("
103,"crypto_api_records=SecretKeySpec( Cipher.getInstance(""DES/CBC/PKCS5Padding IvParameterSpec( SecretKeySpec("
104,"crypto_api_records=SecretKeySpec( Cipher.getInstance(""DES/CBC/PKCS5Padding IvParameterSpec( SecretKeySpec( Cipher.getInstance(""DES/CBC/PKCS5Padding"
105,crypto_api_records=SecretKeySpec( SecretKeySpec(
106,crypto_api_records=SecretKeySpec( generateSecret(
107,crypto_api_records=SecretKeySpec( generateSecret( SecretKeyFactory.getInstance(
108,crypto_api_records=SecretKeySpec( generateSecret( SecretKeyFactory.getInstance( Cipher.getInstance(
109,crypto_api_records=SecretKeySpec( generateSecret( SecretKeyFactory.getInstance( Cipher.getInstance( IvParameterSpec(
110,crypto_api_records=SecureRandom(
111,crypto_api_records=SecureRandom( KeyFactory.getInstance(
112,crypto_api_records=SecureRandom( generateSecret(
113,crypto_api_records=SecureRandom( generateSecret( SecretKeyFactory.getInstance(
114,crypto_api_records=SecureRandom( generateSecret( SecretKeyFactory.getInstance( Cipher.getInstance(
115,"crypto_api_records=SecureRandom.getInstance(""SHA1PRNG"
116,crypto_api_records=Signature.getInstance(
117,crypto_api_records=generateKey(
118,crypto_api_records=generateKey( Cipher.getInstance(
119,crypto_api_records=generateKey( SecretKeySpec(
120,crypto_api_records=generateKey( SecretKeySpec( Cipher.getInstance(
121,crypto_api_records=generateSecret(
122,crypto_api_records=generateSecret( SecretKeyFactory.getInstance(
123,crypto_api_records=generateSecret( SecretKeyFactory.getInstance( Cipher.getInstance(
124,crypto_api_records=generateSecret( SecretKeyFactory.getInstance( Cipher.getInstance( IvParameterSpec(
125,crypto_api_records=generateSecret( SecretKeyFactory.getInstance( Cipher.getInstance( IvParameterSpec( Cipher.getInstance(
126,crypto_api_records=generateSecret( generateSecret(
127,uses_weak_hash
128,uses_ECB/PKCS7Padding
129,uses_digital_signature
130,uses_MAC
131,uses_PRNG
